qid	original_query	query_variant_1	query_variant_2	query_variant_3	query_variant_4	query_variant_5	query_variant_6	query_variant_7	query_variant_8	query_variant_9	query_variant_10	query_variant_11	query_variant_12	query_variant_13	query_variant_14	query_variant_15	query_variant_16	query_variant_17	query_variant_18	query_variant_19	query_variant_20
1030303	who is aziz hashim	 who is aziz hashim	who is aziz hashim person	aziz hashim bio	who is aziz hashim profile	about aziz hashim	aziz hashim information	who is aziz hashim background	aziz hashim details	who is aziz hashim personality	aziz hashim facts	who is aziz hashim identity	aziz hashim description	who is aziz hashim overview	aziz hashim introduction	who is aziz hashim description	aziz hashim summary	who is aziz hashim history	aziz hashim story	who is aziz hashim life	aziz hashim life story
1037496	who is rep scalise	 who is steve scalise	who is representative scalise	who is rep  scalise	who is scalise	who is the representative scalise	who is the rep scalise	who is steve scalise the politician	who is scalise the representative	who is rep  steve scalise	who is the person scalise	who is scalise the congressman	who is representative steve scalise	who is scalise	who is scalise the politician	who is scalise the louisiana representative	who is scalise the congressman	who is scalise the republican representative	who is scalise the us representative	who is scalise the house representative	who is scalise the republican congressman 
1043135	who killed nicholas ii of russia	 who killed nicholas ii of russia	who was responsible for the death of nicholas ii	who assassinated nicholas ii	who murdered nicholas ii	killer of nicholas ii	assassin of nicholas ii	murderer of nicholas ii	death of nicholas ii	assassination of nicholas ii	murder of nicholas ii	who was involved in the death of nicholas ii	who was behind the death of nicholas ii	who perpetrated the death of nicholas ii	who committed the murder of nicholas ii	who carried out the assassination of nicholas ii	who was the perpetrator of the murder of nicholas ii	who was responsible for the murder of nicholas ii	who was involved in the murder of nicholas ii	who was behind the murder of nicholas ii	who was the assassin of nicholas ii
1051399	who sings monk theme song	 who sings the theme song of monk	monk theme song singer	who performs the monk theme	theme song of monk singer	monk show theme singer	who sings the monk theme	singer of the monk theme	monk television theme singer	who does the monk theme	theme song of the monk	monk song singer	who is the singer of monk	monk music singer	who sings monk	singer of monk	monk television music singer	who performs monk	monk song artist	who is the singer of the monk	monk theme singer
1064670	why do hunters pattern their shotguns	 why do hunters pattern their shotguns 	what is the purpose of patterning a shotgun 	why do hunters pattern their guns 	how do hunters pattern their shotguns 	what is shotgun patterning for 	why pattern a shotgun for hunting 	do hunters pattern their shotguns for accuracy 	why is shotgun patterning important for hunting 	how do hunters ensure accurate shotguns 	what is the goal of shotgun patterning 	why do hunters need to pattern their shotguns 	how do shotgun patterns work for hunting 	what are the benefits of patterning a shotgun 	why do hunters test their shotguns 	how do hunters optimize their shotgun patterns 	what is the process of patterning a shotgun 	why do hunters need to pattern their guns 	what is the point of shotgun patterning 	how do hunters check their shotgun patterns 	why do hunters want to pattern their shotguns 
1071750	why is pete rose banned from hall of fame	 why is pete rose banned from baseball hall of fame	why was pete rose denied hall of fame	what led to pete rose s hall of fame exclusion	why is pete rose not in hall of fame	what is the reason for pete rose s hall of fame ban	how did pete rose get banned from hall of fame	what is the history of pete rose s hall of fame controversy	why is pete rose not eligible for hall of fame	what are the reasons for pete rose s hall of fame denial	why was pete rose s hall of fame bid rejected	what is the story behind pete rose s hall of fame exclusion	why did pete rose get denied hall of fame	what led to pete rose s ban from hall of fame	why is pete rose s hall of fame case controversial	what are the facts about pete rose s hall of fame ban	how did pete rose s career impact his hall of fame chances	what is the impact of pete rose s ban on hall of fame	why did pete rose not get elected to hall of fame	what are the implications of pete rose s hall of fame denial	why is pete rose s hall of fame case ongoing
1105792	define geon	 define geon	what is geon	explain geon	meaning of geon	definition of geon	describe geon	what does geon mean	explain geon concept	define term geon	meaning of term geon	what is the definition of geon	describe the concept of geon	definition of geon term	what is the meaning of geon	geon explanation	what is the concept of geon	define the term geon	geon definition and meaning	what does geon stand for	geon explanation and definition
1106979	define pareto chart in statistics	 define pareto chart	what is a pareto chart in statistics	statistics pareto chart definition	pareto chart explanation	what is a pareto diagram	pareto chart meaning	define pareto diagram	statistics definition pareto chart	what is pareto chart used for	pareto chart in statistics meaning	define a pareto chart	statistics explanation pareto chart	what is a pareto	pareto chart definition statistics	what is pareto chart	statistics pareto chart	define pareto	what is pareto	pareto chart statistics definition	pareto chart definition in statistics
1108651	what the best way to get clothes white	 best way to get clothes white	how to make clothes white	ways to whiten clothes	white clothes tips	best method to whiten clothes	how to get clothes whiter	whitening clothes techniques	clothes whitening methods	best way to keep clothes white	how to keep clothes white	whites clothes maintenance	white clothes care	whitening clothes naturally	best way to whiten old clothes	how to whiten yellowed clothes	whitening clothes at home	best way to whiten delicates	how to whiten cotton clothes	whitening clothes without bleach	best way to whiten heavily soiled clothes
1109707	what medium do radio waves travel through	 what medium do radio waves travel through	how do radio waves propagate	what is the medium of radio waves	what travels through radio waves	medium of radio communication	radio wave transmission medium	what do radio waves occupy	medium for radio signals	radio wave propagation medium	what is radio wave transmission	radio signal transmission medium	what is the transmission medium	what do radio signals occupy	medium for radio communication	radio wave propagation method	what is the propagation medium	medium for radio transmission	radio wave transmission method	what is the transmission method	radio signal propagation medium
1110678	what is the un fao	 what is the un fao	what is un fao	what is the united nations food and agriculture organization	what is un organization	what does fao stand for	what is the un food and agriculture organization	what is the united nations food organization	what is the fao	what is the un s food and agriculture organization	what is the united nations agriculture organization	what is the un s agriculture organization	what is the un food organization	what is the united nations s food and agriculture	what is the un s food and	what is the united nations agriculture	what is the un s agriculture	what is the un food	what is the united nations s food	what is the un s	what is the united nations food
1113256	what is reba mcentire s net worth	 what is reba mcentire net worth	who is reba mcentire worth	reba mcentire s net worth	what is reba mcentire s worth	reba mcentire net value	reba mcentire s financial worth	what is reba mcentire s financial worth	reba mcentire s assets	reba mcentire s income	reba mcentire s salary	reba mcentire s earnings	reba mcentire s fortune	what is reba mcentire s fortune	reba mcentire s wealth	reba mcentire s riches	what is reba mcentire s riches	reba mcentire s valuation	reba mcentire s appraisal	what is reba mcentire s appraisal	reba mcentire s net assets
1115210	what is chaff and flare	 what is chaff and flare	what is chaffing and flaring	what is chaff and flares	what is chaffing and flare	what is chaffing	what is flares	what is chaff	what is chaffing technique	what is flare technology	what is chaff and flare material	what is chaffing and flaring method	what is chaff and flares used for	what is chaffing and flare definition	what is chaffing in military	what is flare in aviation	what is chaff and flare system	what is chaffing and flaring devices	what is chaff and flare application	what is chaffing and flaring in radar	what is chaff and flare in military
1116380	what is a nonconformity earth science	 what is a nonconformity earth science	what is nonconformity earth science	what is a nonconformity in earth science	what is nonconformity in earth science	what is earth science nonconformity	what is earth science with nonconformity	what is nonconformity in geology	what is nonconformity earth sciences	what is nonconformity in earth sciences	what is a type of nonconformity earth science	what is a nonconformity earth science definition	what is a nonconformity in earth science definition	what is nonconformity earth science meaning	what is nonconformity earth sciences meaning	what is nonconformity in earth science examples	what is nonconformity earth science examples	what is a nonconformity earth science article	what is nonconformity earth science article	what is nonconformity in earth science articles	what is a nonconformity earth science book
1121353	what can you do about discrimination in the workplace in oklahoma city	 what can you do about workplace discrimination	discrimination in oklahoma city	workplace discrimination oklahoma city solutions	oklahoma city workplace discrimination laws	how to handle discrimination at work oklahoma city	oklahoma city workplace discrimination statistics	what is workplace discrimination oklahoma city	oklahoma city workplace discrimination attorney	workplace discrimination prevention oklahoma city	oklahoma city discrimination in the workplace prevention	workplace discrimination laws oklahoma city	oklahoma city workplace discrimination complaints	what is discrimination in the workplace oklahoma city	oklahoma city workplace discrimination solutions	workplace discrimination oklahoma city prevention	oklahoma city workplace discrimination policy	oklahoma city workplace discrimination training	workplace discrimination oklahoma city attorney	oklahoma city workplace discrimination help	workplace discrimination oklahoma city solutions
1122767	what amino produces carnitine	 what amino acid produces carnitine	what amino produces carnitine	which amino acid is converted to carnitine	what amino acid is precursor to carnitine	which amino acid is involved in carnitine production	what amino acid is needed for carnitine synthesis	what amino acid is converted to l carnitine	what amino acid is involved in the production of carnitine	what amino acid is the precursor to l carnitine	what amino acid is necessary for carnitine biosynthesis	what amino acid is required for carnitine synthesis	what amino acid is converted into carnitine	what amino acid is the source of carnitine	what amino acid is necessary for l carnitine production	what amino acid is involved in the synthesis of carnitine	what amino acid is converted to l carnitine and l lysine	what amino acid is the starting material for carnitine production	what amino acid is necessary for the production of carnitine	what amino acid is the precursor molecule for carnitine	what amino acid is required for the synthesis of carnitine
1127540	meaning of shebang	 meaning of shebang	shebang definition	what is shebang	meaning of # 	shebang explanation	what does shebang mean	shebang interpretation	meaning behind shebang	shebang origin	what is the meaning of shebang	meaning of the shebang	shebang meaning in programming	what is shebang in programming	shebang in shell scripting	shebang syntax	shebang in linux	shebang in unix	shebang in operating systems	what is the purpose of shebang	function of shebang
1131069	how many sons robert kraft has	 how many sons robert kraft has	sons of robert kraft	robert kraft children	number of sons robert kraft	robert kraft sons count	sons robert kraft	robert kraft family	robert kraft kids	children of robert kraft	robert kraft offspring	son count robert kraft	robert kraft family members	kraft sons	robert kraft kids count	sons of robert	robert kraft family size	kraft family	robert kraft children count	robert kraft offspring count	sons robert
1132532	average annual income data analyst	" average annual income, data analyst"	income data analyst	average income data analyst	data analyst salary	annual income data analyst	average salary data analyst	data analyst income	income data analyst statistics	average annual compensation data analyst	data analyst compensation	income data analyst average	data analyst salary range	average income data analyst range	data analyst income statistics	average annual data analyst income	data analyst income average	salary data analyst average	average annual income data analyst job	data analyst average income range	average income data analyst job
1133579	how does granulation tissue start	 how does granulation tissue initiate	how does granulation tissue start	how does granulation tissue start	how does granulation tissue start	how does granulation tissue start	how does granulation tissue start	how does granulation tissue start	how does granulation tissue start	how does granulation tissue start	how does granulation tissue start	how does granulation tissue start	how does granulation tissue start	how does granulation tissue start	how does granulation tissue start	how does granulation tissue start	how does granulation tissue start	how does granulation tissue start	how does granulation tissue start	how does granulation tissue start	how does granulation tissue start
1136043	difference between a hotel and motel	 what s the difference between a hotel and a motel 	what are the main differences between a hotel and a motel 	what s the distinction between a hotel and a motel 	compare hotels and motels	hotel vs motel comparison	motels vs hotels	differences between hotels and motels	what sets hotels apart from motels 	how do hotels differ from motels 	motels and hotels  what s the difference 	what s the key difference between a hotel and a motel 	hotel vs motel  what s the difference 	distinguishing features of hotels and motels	what are the differences between hotels and motels 	comparing hotels and motels	hotel and motel differences	what s the main difference between a hotel and a motel 	motels vs hotels  what s the main difference 	differences in hotels and motels	hotel and motel comparison
1136047	difference between a company s strategy and business model is	 key differences between a company s strategy and business model	distinction between a company s strategy and business model	what sets a company s strategy apart from its business model	comparison of a company s strategy and business model	main differences between a company s strategy and business model	what is the distinction between a company s strategy and business model	differences in a company s strategy and business model	what are the key differences between a company s strategy and business model	company strategy vs business model	strategy and business model differences	business model vs company strategy	how do a company s strategy and business model differ	what are the main differences between a company s strategy and business model	strategy and business model comparison	company business model strategy	distinguishing a company s strategy from its business model	the difference between a company s strategy and business model	what are the differences between a company s strategy and business model	company strategy and business model	business model strategy company
1136962	why did the ancient egyptians call their land kemet or black land	 why did ancient egyptians refer to their land	what was the significance of kemet in ancient egypt	why did egyptians call their land black land	what did ancient egyptians mean by kemet	why was kemet an important name for ancient egypt	what was the purpose of naming egypt kemet	why did ancient egyptians associate their land with black	what was the cultural significance of kemet in ancient egypt	why did egyptians use kemet to describe their land	what was the historical context of the name kemet	why did ancient egyptians use the name kemet	what did kemet represent to ancient egyptians	why was black land an apt name for ancient egypt	what was the symbolism behind kemet	why did ancient egyptians call their land the black land	what was the meaning of kemet in ancient egyptian language	why did egyptians choose kemet as their land s name	what was the significance of the name kemet in ancient egyptian culture	why was kemet an integral part of ancient egyptian identity	what did kemet represent in ancient egyptian mythology
118440	define bmt medical	 define bmt medical	what is bmt medical	bmt medical definition	medical term bmt	explain bmt medical	what does bmt medical mean	bmt medical meaning	bmt medical concept	medical concept bmt	bmt medical explanation	explain bmt medical concept	what is bmt	define bmt	bmt meaning	bmt concept	bmt definition	medical bmt definition	bmt medical term	what is medical bmt	medical definition bmt 
121171	define etruscans	 define etruscans	what are etruscans	who were etruscans	etruscans definition	what is etruscan	about etruscans	etruscan culture	etruscan history	define etruscan	etruscan civilization	what did etruscans do	etruscan people	what is etruscan language	etruscan art	etruscan architecture	what is etruscan mythology	etruscan society	who were the etruscans	etruscan facts	define ancient etruscans
135802	definition of laudable	 definition of laudable	what is laudable	meaning of laudable	laudable definition	explain laudable	laudable meaning	definition of a laudable	what is a laudable	meaning of a laudable	laudable definition example	laudable explanation	laudable synonym	laudable antonym	laudable word definition	laudable phrase meaning	laudable term definition	what does laudable mean	meaning of the word laudable	definition of the term laudable	laudable in a sentence
141630	describe how muscles and bones work together to produce movement	 describe how muscles and bones work together to produce movement	how do muscles and bones collaborate to facilitate movement	explain the interaction between muscles and bones for movement	describe the partnership between muscles and bones for movement	how do bones and muscles work together to produce movement	explain the role of muscles and bones in movement	describe the mechanism of muscles and bones working together for movement	how do muscles and bones interact to produce movement	explain the cooperation between muscles and bones for movement	describe the joint effort of muscles and bones for movement	how do bones and muscles collaborate to produce movement	describe the coordination between muscles and bones for movement	explain the relationship between muscles and bones for movement	describe the union of muscles and bones for movement	how do muscles and bones work together to facilitate movement	describe the harmony between muscles and bones for movement	explain the synergy between muscles and bones for movement	describe the harmony of muscles and bones for movement	how do muscles and bones interact to facilitate movement	explain the cooperation between muscles and bones for movement
156498	do google docs auto save	 do google docs automatically save	do google docs auto save	does google docs save automatically	does google docs auto save	is google docs auto save	does google docs automatically save	google docs auto save	does google docs save	auto save in google docs	google docs save automatically	google docs auto save feature	does google docs have auto save	auto save in google docs	google docs save	auto save google docs	google docs auto save option	does google docs have auto save option	auto save in google docs automatically	google docs auto save settings	does google docs have auto save settings
169208	does mississippi have an income tax	 does mississippi have a state income tax 	income tax in mississippi	do people in mississippi pay income tax 	income tax rates in mississippi	is mississippi an income tax state 	does mississippi have a personal income tax 	what is the income tax rate in mississippi 	do businesses in mississippi pay income tax 	income tax laws in mississippi	does mississippi have a corporate income tax 	is mississippi a tax free state 	income tax brackets in mississippi	do self employed individuals in mississippi pay income tax 	is there an income tax in mississippi 	mississippi income tax forms	how is income taxed in mississippi 	do mississippi residents pay income tax 	income tax deductions in mississippi	is income tax mandatory in mississippi 	income tax credits in mississippi
174463	dog day afternoon meaning	 meaning of dog day afternoon	dog day afternoon definition	what does dog day afternoon mean	dog day afternoon explanation	meaning behind dog day afternoon	dog day afternoon interpretation	what is dog day afternoon	dog day afternoon summary	meaning of phrase dog day afternoon	phrase dog day afternoon meaning	what does dog day afternoon phrase mean	dog day afternoon phrase definition	meaning of idiom dog day afternoon	idiom dog day afternoon meaning	what is the meaning of dog day afternoon	dog day afternoon explanation in english	meaning of dog day afternoon in english	dog day afternoon definition in english	what does dog day afternoon mean in english	meaning of dog day afternoon phrase in english 
23849	are naturalization records public information	 are naturalization records public information 	are naturalization records accessible to the public 	are immigration records public 	is naturalization information publicly available 	can naturalization records be accessed publicly 	are us naturalization records public 	are public records available for naturalization 	is naturalization information publicly disclosed 	are immigration and naturalization records public 	can public access naturalization records 	is naturalization information publicly released 	are records of naturalization publicly available 	can naturalization records be viewed publicly 	is naturalization information publicly recorded 	are public records of naturalization available 	can the public access naturalization records 	is naturalization information publicly accessible 	are naturalization records publicly disclosed 	can naturalization records be obtained publicly 	is naturalization information publicly available to the public 
258062	how long does it take to remove wisdom tooth	 how long does it take to remove wisdom tooth 	how long does it take to extract wisdom tooth 	time to remove wisdom tooth	wisdom tooth removal duration	how long does it take to get wisdom tooth removed 	how long does wisdom tooth extraction take 	wisdom tooth removal process time	duration of wisdom tooth removal	how long does it take to have wisdom tooth removed 	time required for wisdom tooth removal	wisdom tooth extraction process time	how long does it take to undergo wisdom tooth removal 	wisdom tooth removal time frame	how long does it take to complete wisdom tooth removal 	wisdom tooth removal procedure time	how long does it take to have wisdom tooth extracted 	wisdom tooth extraction duration	time needed for wisdom tooth removal	wisdom tooth removal timeframe	how long does wisdom tooth removal take 
324585	how much money do motivational speakers make	 how much money do motivational speakers earn	how much do motivational speakers make	how much money motivational speakers earn	motivational speakers income	how much money can motivational speakers make	what do motivational speakers make	how much do successful motivational speakers make	how much money do famous motivational speakers make	income of motivational speakers	how much money can a motivational speaker make	what is the income of motivational speakers	how much do motivational speakers get paid	how much money do top motivational speakers make	income of successful motivational speakers	how much money do well known motivational speakers make	how much do successful motivational speakers earn	how much money do top motivational speakers earn	how much do famous motivational speakers earn	income of well known motivational speakers	how much money do top motivational speakers get paid
330975	how much would it cost to install my own wind turbine	 how much would it cost to install my own wind turbine	cost of installing a wind turbine	how much does it cost to install a wind turbine	installing a wind turbine cost	what is the cost of installing a wind turbine	wind turbine installation cost	cost to install a wind turbine	how much does it cost to put up a wind turbine	wind turbine setup cost	installing a wind turbine price	cost of putting up a wind turbine	wind turbine installation price	what is the cost of a wind turbine installation	installing a wind turbine	cost of installing wind turbine	wind turbine installation cost estimate	how much does it cost to install a small wind turbine	cost of installing a residential wind turbine	wind turbine installation cost breakdown	what is the average cost of installing a wind turbine
332593	how often to button quail lay eggs	 how often button quail lay eggs	how frequently button quail lay eggs	how often quail lay eggs	how to tell if button quail are laying eggs	how often do button quail lay eggs	button quail egg laying frequency	quail egg laying schedule	how often do quail lay eggs	quail egg laying habits	button quail egg production	quail egg laying rate	how often button quail start laying eggs	button quail egg laying cycle	quail egg laying patterns	how often quail start laying eggs	button quail egg laying habits	quail egg laying frequency in captivity	quail egg laying in button quail	button quail egg laying routine	quail egg laying schedule in captivity
336901	how old is vanessa redgrave	 vanessa redgrave age	age of vanessa redgrave	how old is vanessa	vanessa redgrave s age	age of the actress vanessa redgrave	vanessa redgrave s birthdate	what is vanessa redgrave s age	age of vanessa redgrave the actress	how old is the actress vanessa redgrave	vanessa redgrave birthday	the age of vanessa redgrave	vanessa redgrave s age today	age of vanessa redgrave actress	how old is vanessa redgrave actress	vanessa redgrave age now	age of the famous actress vanessa redgrave	vanessa redgrave birthdate	age of vanessa redgrave the famous actress	what is vanessa redgrave s age now	age of vanessa redgrave the legend
390360	ia suffix meaning	 ia suffix meaning	meaning of ia suffix	ia suffix definition	what does ia suffix mean	ia suffix explanation	meaning behind ia suffix	ia suffix interpretation	what is ia suffix	ia suffix significance	meaning of suffix ia	ia suffix explanation	what does suffix ia mean	ia suffix description	meaning of suffix ia	ia suffix meaning in english	what does ia suffix stand for	ia suffix meaning and significance	meaning of suffix ia in english	ia suffix definition and meaning	what is the meaning of ia suffix
405163	is caffeine an narcotic	 is caffeine a controlled substance 	is caffeine a drug 	is caffeine a stimulant 	is caffeine a habit forming substance 	is caffeine an addictive substance 	is caffeine a regulated substance 	is caffeine a prohibited substance 	is caffeine a banned substance 	is caffeine a restricted substance 	is caffeine a medication 	is caffeine a psychoactive substance 	is caffeine a mood altering substance 	is caffeine a substance of abuse 	is caffeine a dependency forming substance 	is caffeine a dependence forming substance 	is caffeine a dependence inducing substance 	is caffeine a dependence causing substance 	is caffeine a substance that can cause dependence 	is caffeine a substance that can induce dependence 	is caffeine a substance that can cause addiction 
42255	average salary for dental hygienist in nebraska	 average salary for dental hygienists in nebraska	average salary of dental hygienist in nebraska	average salary for dental hygienist	average salary in nebraska for dental hygienist	salary average for dental hygienist in nebraska	average salary of a dental hygienist in nebraska	dental hygienist salary average in nebraska	average salary for nebraska dental hygienist	salary for dental hygienist in nebraska on average	average salary of dental hygienists in nebraska	dental hygienist salaries average in nebraska	average salary for a dental hygienist in nebraska	average salary of dental hygienist	average salary in nebraska	dental hygienist average salary in nebraska	average salary for dental hygienists	average salary of a dental hygienist	dental hygienist salary average	average salary for nebraska	average salary of dental hygienist in
47210	average wedding dress alteration cost	 average wedding dress alteration cost	wedding dress alterations cost	average cost of wedding dress alterations	wedding dress alteration prices	average wedding dress alteration prices	cost of wedding dress alterations	wedding dress alterations expense	average expense of wedding dress alterations	wedding dress alteration fees	average wedding dress alteration fees	cost to alter wedding dress	average cost to alter wedding dress	wedding dress alteration budget	average wedding dress alteration budget	price of wedding dress alterations	average price of wedding dress alterations	wedding dress alteration estimate	average wedding dress alteration estimate	wedding dress alteration services cost	average wedding dress alteration services cost
555530	what are best foods to lower cholesterol	 foods to lower cholesterol	best foods for cholesterol	foods that lower cholesterol levels	cholesterol lowering foods	good foods for cholesterol	foods to reduce cholesterol	cholesterol lowering diet	best foods to reduce cholesterol	foods that help lower cholesterol	cholesterol reducing foods	foods to lower bad cholesterol	best foods to eat for cholesterol	foods that are good for cholesterol	cholesterol lowering nutrition	foods to lower cholesterol naturally	best foods for lowering cholesterol	foods that help reduce cholesterol	cholesterol reducing diet	foods to reduce bad cholesterol	good foods to eat for cholesterol
583468	what carvedilol used for	 what is carvedilol used for	what carvedilol used for	what carvedilol used for	what carvedilol used for	what carvedilol used for	what carvedilol used for	what carvedilol used for	what carvedilol used for	what carvedilol used for	what carvedilol used for	what carvedilol used for	what carvedilol used for	what carvedilol used for	what carvedilol used for	what carvedilol used for	what carvedilol used for	what carvedilol used for	what carvedilol used for	what carvedilol used for	what carvedilol used for
640502	what does it mean if your tsh is low	 what does it mean if tsh is low 	what does a low tsh level mean 	what does it imply if tsh is low 	what does a low tsh reading mean 	what does it signify if tsh is low 	what is the significance of a low tsh level 	what does it indicate if tsh is low 	what does a low tsh result mean 	what does it suggest if tsh is low 	what does a low tsh score mean 	what does it imply if tsh is very low 	what does it mean if tsh is extremely low 	what does it imply if tsh is mildly low 	what does it mean if tsh is slightly low 	what does it mean if tsh is below normal range 	what does it mean if tsh is not within normal range 	what does it mean if tsh is below average 	what does it mean if tsh is not average 	what does it mean if tsh is outside normal range 	what does it mean if tsh is abnormal 
67316	can fever cause miscarriage early pregnancy	 can fever cause miscarriage during early pregnancy	can fever cause miscarriage in early pregnancy stages	can fever lead to miscarriage in early pregnancy	can fever result in miscarriage early on in pregnancy	can fever cause miscarriage in the first trimester	can fever cause miscarriage during the first few weeks of pregnancy	can fever cause miscarriage in the initial stages of pregnancy	can fever lead to miscarriage in the early stages of pregnancy	can fever cause miscarriage in the first few weeks of early pregnancy	can fever cause miscarriage in early pregnancy weeks	can fever cause miscarriage during early pregnancy weeks	can fever cause miscarriage in the beginning of pregnancy	can fever cause miscarriage in the early stages of early pregnancy	can fever cause miscarriage in the initial stages of early pregnancy	can fever cause miscarriage in the first few months of pregnancy	can fever cause miscarriage during the first few months of pregnancy	can fever cause miscarriage in the early months of pregnancy	can fever cause miscarriage in the beginning of early pregnancy	can fever cause miscarriage in the early stages of the first trimester	can fever cause miscarriage in the initial stages of the first trimester
673670	what is a alm	 what is a  alm	what is a  alm  thing	what is  alm  an abbreviation for	what is the term  alm 	what does the word  alm  mean	what is the meaning of  alm  term	what is the definition of  alm  word	what is the meaning of  alm  abbreviation 	what is a alm	what is a alm	what is a alm	what is a alm	what is a alm	what is a alm	what is a alm	what is a alm	what is a alm	what is a alm	what is a alm	what is a alm
701453	what is a statutory deed	 what is a statutory deed  definition	what is statutory deed  meaning	what is a statutory deed  explained	what is statutory deed  definition	what is a statutory deed  law	what is statutory deed  example	what is a statutory deed  document	what is statutory deed  in law	what is a statutory deed  form	what is statutory deed  format	what is a statutory deed  type	what is statutory deed  types	what is a statutory deed  sample	what is statutory deed  meaning in law	what is a statutory deed  template	what is statutory deed  requirements	what is a statutory deed  requirements	what is statutory deed  regulations	what is a statutory deed  process	what is statutory deed  procedure
730539	what is chronometer who invented it	 what is a chronometer	who created a chronometer	what is chronometer definition	inventor of chronometer	what is chronometer used for	chronometer explanation	who developed chronometer	what is chronometer in history	invention of chronometer	what is chronometer in science	who made chronometer	what is chronometer in technology	chronometer description	who invented chronometer first	what is chronometer in everyday life	inventor of chronometer watch	what is chronometer accuracy	chronometer meaning	who created chronometer in 18th century	what is chronometer used for today
768208	what is mamey	 what is mamey	what is mamey sapote	what is mamey sapote fruit	what is mamey sapote tree	what is mamey sapote fruit tree	what is mamey sapote nutrition	what is mamey sapote benefits	what is mamey sapote uses	what is mamey sapote fruit benefits	what is mamey sapote fruit uses	what is mamey sapote tree information	what is mamey sapote fruit information	what is mamey sapote fruit facts	what is mamey sapote fruit description	what is mamey sapote fruit characteristics	what is mamey sapote fruit features	what is mamey sapote fruit details	what is mamey sapote fruit overview	what is mamey sapote fruit profile	what is mamey sapote fruit review
877809	what metal are hip replacements made of	 what materials are used in hip replacements	what metals are used in joint replacements	what are hip replacement materials made of	what are hip implants made of	what metal is used in hip replacements	what material is used in hip replacements	what are hip replacement metals	what are joint replacement materials	what are hip implant materials	what is the metal used in hip replacements	what is the material used in hip replacements	what metal is used in joint replacements	what is the material used in joint replacements	what are the metals used in hip replacements	what are the materials used in hip replacements	what kind of metal is used in hip replacements	what kind of material is used in hip replacements	what type of metal is used in hip replacements	what type of material is used in hip replacements	what are the most common hip replacement materials
911232	what type of conflict does della face in o henry the gift of the magi	 what type of conflict does della face in o henry s the gift of the magi	what kind of conflict occurs in the gift of the magi	what is the conflict in o henry s story	what type of conflict is present in the story	what kind of conflict does o henry s protagonist face	what conflict does della experience	what is the main conflict in the gift of the magi	what type of conflict is della s	what kind of conflict is in o henry s the gift of the magi	what conflict is present in o henry s story	what type of conflict occurs in o henry s the gift of the magi	what kind of conflict does della encounter	what is the conflict in o henry s the gift of the magi	what type of conflict does o henry s protagonist experience	what kind of conflict is della s situation	what type of conflict is in o henry s the gift of the magi	what conflict does della s character face	what kind of conflict is present in o henry s story	what is the type of conflict in o henry s the gift of the magi	what kind of conflict does della s story contain
914916	what type of tissue are bronchioles	 what type of tissue are bronchioles	what tissue type are bronchioles	type of tissue bronchioles	bronchioles tissue type	tissue type bronchioles	what are bronchioles made of	bronchioles composition	what is bronchioles made of	bronchioles structure	bronchioles composition tissue	tissue composition bronchioles	bronchioles structure tissue	what is bronchioles tissue	bronchioles tissue info	tissue information bronchioles	bronchioles tissue characteristics	tissue characteristics bronchioles	bronchioles tissue details	tissue details bronchioles	bronchioles tissue classification
938400	when did family feud come out	 when did family feud game show premiere	what year did family feud debut	when was family feud first broadcast	family feud air date	when did family feud start	family feud premiere date	what year did family feud start	family feud first episode	when did family feud launch	family feud release year	what date did family feud air	family feud initial broadcast	when did family feud begin	family feud debut year	what year did family feud come out	family feud original air date	when did family feud make its debut	family feud start date	what is the air date of family feud	family feud release date
940547	when did rock n roll begin	 when did rock music start	when did rock and roll emerge	when did rock and roll music begin	what year did rock music start	when did rock and roll begin to exist	when did rock music become popular	when did rock and roll music start	when did rock music originate	when did rock and roll music emerge	what year did rock and roll start	when did rock music begin to exist	when did rock and roll music become popular	when did rock music start to exist	when did rock and roll music originate	what year did rock music start to exist	when did rock music begin	when did rock and roll music start to become popular	when did rock music start to exist as a genre	when did rock and roll music start to exist as a style	when did rock music start to exist in the us
997622	where is the show shameless filmed	 where is shameless filmed	shameless filming locations	where is the tv show shameless shot	location of shameless tv series	shameless filming site	where is shameless tv show set	shameless filming location	where is shameless series filmed	shameless tv show filming location	location of shameless tv show	shameless tv series filming	where is shameless shot	shameless filming places	shameless tv show filming	where is shameless located	shameless filming spot	where is shameless tv series set	shameless filming locations in	shameless tv show filming locations	where is shameless filmed in
